id,lembagaId,name,description
dcb9fd9d-4aac-44d4-909b-45806c0e3dd6,lembaga-18,Organizational Management - Himpunan Data Science,"Only education hard particular. Nature window event action left ability.
Item another free stuff.
Bill least debate great my. Space finally here through organization treatment."
88c5ac9d-3b03-483f-813d-34c99c39ae23,lembaga-10,Academic Excellence - UKM Cyber Security,"Ullam ullam architecto soluta odit optio officia. Officia culpa earum ullam.
Sequi qui nisi nisi porro. Reiciendis mollitia quae adipisci quo nobis veniam. Aperiam nisi maiores facilis."
e62bd1a2-12fb-49e1-9649-ac9f5dce099c,lembaga-4,Strategic Planning - UKM Data Science,Voluptatibus fugit ab minima magni quaerat ab. Eum quidem illum odio soluta aperiam atque. Inventore sit reiciendis dicta temporibus. Distinctio ex accusamus laborum.
0fb9d253-3ba4-446f-b8c9-026c191a561e,lembaga-1,Strategic Planning - UKM Web Dev,Reprehenderit ratione quidem quis minima itaque blanditiis quas. Aspernatur quod ipsam.
629e920f-bea8-4f77-a9cc-87ae2e8007db,lembaga-9,Networking - Organisasi Web Dev,"Two maybe trouble property himself. Any experience several send. Ability window tell.
Child view record rich after couple."
59ce9294-5f83-4d34-bfee-06af41ae1455,lembaga-7,Innovation - Organisasi TechFest,"Focus ability floor outside. Ago much news only. Husband enter into stay may want. Ahead idea possible group at.
Appear popular most national whatever Republican."
7a9ec888-9eca-4f01-b6f9-c942303389d2,lembaga-3,Academic Excellence - Himpunan Coding Club,"Repellat sint quod facilis iure deleniti quo. Minima recusandae ex minus a non eum in.
Praesentium in distinctio maiores aperiam autem odio. Voluptatibus veniam unde iusto illum natus."
5d1b628c-fe98-4dde-bbba-0fbf1dbb1e76,lembaga-5,Mentorship - Himpunan AI Society,Enim ducimus dolores quo neque quos nulla. Porro aspernatur quaerat magnam. Minus alias quaerat pariatur quasi. Deserunt officiis et dolores nihil omnis optio.
cac6c6c0-e45d-4967-abae-59cece4778b6,lembaga-3,Community Engagement - Himpunan Coding Club,Opportunity responsibility ten work if stock return at. Health learn beat fall hope.
12d6e514-d378-4f95-801c-05c9d12eee22,lembaga-11,Community Engagement - Organisasi Coding Club,"Operation maybe media even drive. Recognize pull quickly per best yourself consumer.
Change pick budget a gas style market."
65bddb31-0d50-43d7-b7e6-05bb0b0c4e77,lembaga-17,Digital Literacy - Organisasi AI Society,"Provident occaecati amet corporis facilis nihil dignissimos. Ea illum nesciunt placeat. Vel magnam impedit iste.
Architecto fuga tempora. Minima eveniet eum."
9cfa82eb-9568-4af4-800f-ea416cef5ae7,lembaga-19,Innovation - Organisasi Web Dev,Totam aliquam illo delectus laboriosam. Incidunt architecto sed assumenda temporibus. Non adipisci porro quo. Tenetur voluptatibus pariatur adipisci facilis ullam facilis.
bdcd3dfe-f2bc-4241-817e-30f2c3ae5c89,lembaga-7,Research Skills - Organisasi TechFest,"Inventore hic inventore doloremque at. Voluptatibus impedit eligendi officiis occaecati praesentium accusamus eaque.
At aliquid recusandae velit."
0cd0045e-efc9-409d-949f-cf179bb5e785,lembaga-3,Strategic Planning - Himpunan Coding Club,Aut velit assumenda dolorem ab. Soluta nostrum veritatis voluptatibus quod recusandae minus aliquid. Aliquam cumque vitae similique repudiandae possimus eligendi sint.
62ff4da9-397c-49cb-823a-a6505d462410,lembaga-1,Innovation - UKM Web Dev,"Room three customer. State step contain allow may pass.
Specific seat simple campaign parent raise."
077ce8ce-8486-4957-a9d2-df5b1bb19fdf,lembaga-17,Organizational Management - Organisasi AI Society,Room professional tell politics development try kid lose. Attorney commercial tax.
a37dd1cd-f7b7-41ac-bfdd-23905a8957e1,lembaga-1,Mentorship - UKM Web Dev,Perferendis impedit in amet molestiae officia.
7db3590d-5536-4ab6-9312-41ef96b6bdb3,lembaga-7,Strategic Planning - Organisasi TechFest,Ullam eius ipsum ex dolorem omnis. Ducimus excepturi debitis dicta id magnam debitis. Sapiente voluptatem a minus dolorem dignissimos.
09c268f4-5376-4cc3-b674-34b816cb2cda,lembaga-10,Academic Excellence - UKM Cyber Security,Distinctio dolorum repudiandae quidem asperiores veritatis voluptate. Id veniam enim veniam dolorem. Sunt distinctio vero ducimus ducimus minima perferendis molestias.
591b1153-e16e-4bbd-bd02-d67bced14e59,lembaga-6,Networking - UKM Data Science,Dolore dolorum veniam debitis soluta voluptatibus. Quos sed molestiae quia minus. At voluptatum ducimus consequatur laboriosam.
627c0745-7124-4781-9f5e-9bc655ac5193,lembaga-11,Networking - Organisasi Coding Club,Like include ability civil town. Bed need put director much technology vote. Yourself great visit hard could thought fund.
7c90e8ba-f3d9-49f6-88c2-2100033401cb,lembaga-3,Networking - Himpunan Coding Club,"Similar order marriage statement officer. Finally throw matter over. Pattern subject whether stock several office bank.
Upon rest fund since the by. Within bring drive toward."
65a37e04-0e41-412c-8e39-94d12ea0f9da,lembaga-9,Organizational Management - Organisasi Web Dev,Ball black personal catch truth conference cost. Decide player mention even risk. Finally before kind building network glass early. Section determine goal per.
d45e1162-cd8b-40f2-a9d8-b699ff1d45fb,lembaga-17,Research Skills - Organisasi AI Society,Modi voluptatibus consectetur porro totam. Consequatur molestiae deserunt veritatis recusandae ipsum.
edf41122-9ee4-4c16-a07f-7d3277e9b5eb,lembaga-17,Innovation - Organisasi AI Society,"Good pay son home concern. Federal center away speak large. Eat exist hospital radio speak or avoid. Threat rich chance voice west accept.
Firm road network experience someone street."
c97ad7db-5e00-4c18-aea8-2322b903cc28,lembaga-1,Organizational Management - UKM Web Dev,"Quam ea quasi libero. Ad libero vitae nulla vero provident nostrum.
Eveniet harum ipsum porro aut vel quis. Rem neque quos."
86424d73-f33d-4d58-b659-e0f38c8b9b5d,lembaga-9,Networking - Organisasi Web Dev,"Scene clear some former. Offer show bill change state. Relationship by world hope. Claim agent meet road office figure.
Top police hear step spend arrive strong. Cause throughout Democrat."
00ad9c1f-c09b-4469-bc9f-a48bb36e21cd,lembaga-11,Research Skills - Organisasi Coding Club,"Staff because wait help staff focus despite. Mr ok be sing.
Trial subject serve I policy.
Would the arm source woman. Scene pick true hold. Region better trip anything woman collection explain."
173b7f5c-a80d-4aaa-83d6-773cb139a5b7,lembaga-3,Community Engagement - Himpunan Coding Club,Organization central away outside national walk win officer. Price property his morning Congress. According difficult red. Customer since agency law better discover.
cd4f2271-3d2d-40f2-a4a1-dadd8aaa6d9d,lembaga-3,Innovation - Himpunan Coding Club,Tenetur nemo facilis veniam at non. Quas itaque delectus aliquam iure accusamus veritatis tempore. Facere numquam occaecati corporis blanditiis error earum.
74af7282-db2b-4edf-b6f8-dcf65379a683,lembaga-17,Mentorship - Organisasi AI Society,Son year deep walk conference pass peace. List trouble believe others parent more.
49b96659-cac1-4ed5-b91a-88b751dcd23d,lembaga-20,Networking - Organisasi Web Dev,Tenetur ab ducimus dicta beatae voluptatum ipsam. Pariatur eveniet quisquam tenetur maxime accusantium dolore.
4b525a2c-d2dc-445a-9734-5b25c9dae3b4,lembaga-8,Academic Excellence - Organisasi Mobile Dev,"Voluptatibus nobis illo ullam natus dignissimos ipsum. Veritatis similique fugiat non. Eos consectetur sit dolorem voluptates dignissimos natus.
Repellendus aut excepturi veniam aut minus mollitia."
25eecc70-0cfe-4b66-b0b0-257cf273893c,lembaga-18,Strategic Planning - Himpunan Data Science,"Ad sequi deserunt itaque molestias deleniti. Exercitationem corporis officia in saepe ex voluptatibus autem.
Mollitia adipisci tenetur maiores in in. Voluptatum ex unde nihil ipsam quas."
ff7caec9-0d5e-4a8d-9a07-6c838c00dcb5,lembaga-10,Strategic Planning - UKM Cyber Security,Suscipit minus velit reiciendis corporis sunt. Rem accusamus sed voluptatem pariatur exercitationem. Sit exercitationem expedita voluptatem delectus.
94eadf66-609e-4b2c-b51e-a0e21fcbeb49,lembaga-16,Strategic Planning - Organisasi Coding Club,"Consequatur commodi facere maiores ab in magni.
Molestias eum eum animi eaque soluta maxime. Temporibus repudiandae illo enim quod et consequuntur."
a1b49cd7-151a-46bc-849c-c88f1e97f76b,lembaga-17,Organizational Management - Organisasi AI Society,Change must suffer program. Station memory manage friend. Decision daughter under without low.
bcf6a014-570c-404d-8308-d28229672986,lembaga-20,Research Skills - Organisasi Web Dev,Dolorem suscipit id recusandae. Amet facilis nisi quod necessitatibus. Quas exercitationem fugiat quae cumque accusamus.
8ed3ce9e-59e4-43a3-81d9-e8d068350ba0,lembaga-1,Social Responsibility - UKM Web Dev,"Oil respond three. Consumer agree week woman small. Party story to subject pull.
Authority themselves education star. Perform every finish wide Democrat prevent."
e9f96bc3-8d05-4b86-ab02-fa95e006d3ca,lembaga-3,Mentorship - Himpunan Coding Club,"Family you real light ground teacher. Result by fill future him.
Against discuss environment than. Measure effect during second law billion store. Environmental since but rather law I article."
