id,eventId,name,description
b20b034a-9496-4100-9829-9a0099e692bb,event-84,Problem Solving - Exhibition Mobile 1975,"Adipisci voluptatem ea harum voluptatem libero. Repellendus illo aliquam.
Commodi quod nemo exercitationem neque fuga. Dignissimos aspernatur fugiat nemo facilis voluptatem tempore."
388f1628-3fe2-4a11-9441-c33065d4fc37,event-41,Project Management - Hackathon Data Science 1991,From author development hair. Project decision available right rule leader seem.
bca71386-8abb-4738-8859-4ba84996c6c6,event-32,Presentation Skills - Exhibition Cloud Computing 202,Determine middle door report opportunity especially place. Team enjoy information. Win rest new benefit magazine tree.
981cd105-08bd-473e-9e8b-fce61dd6d870,event-106,Critical Thinking - Seminar Cloud Computing 2025,"Sint nemo velit error dolor reprehenderit consectetur voluptates. Commodi odio ipsa repellat minus nam.
Accusamus nisi aperiam quidem. Fugiat aliquid nulla ducimus."
c0537aa9-64e1-4224-ac7b-4df1cb6db077,event-13,Technical Skills - Exhibition Blockchain 1998,Religious position share author but person. Various born charge material positive morning it. Sign window travel around trouble.
22d45b76-8fd2-47f1-b132-674b8b593c5c,event-131,Communication - Competition AI 2002,"Keep court result who. Sometimes could research military leave. Family hard ok smile.
Situation seat worker note. Summer coach myself land scientist cause exist."
e907932c-32aa-4c19-a074-d696c203c0c7,event-11,Problem Solving - Conference Cloud Computing 200,Visit product until somebody keep political note attorney. Test hope charge foreign. Nature send time deep everything responsibility level. Eye whom smile here onto.
a9f8c9de-e714-42a2-b05a-03709796c41a,event-60,Project Management - Bootcamp Web Dev 2020,Accusamus possimus sint animi dignissimos. Ipsam beatae fuga fugiat cupiditate assumenda deleniti. Quae aspernatur hic. Ad soluta porro ut.
8fce9133-95ef-433f-8f9c-f724c5eff306,event-148,Project Management - Seminar Data Science 2019,"Address improve Congress usually. Left run certain accept.
Her card entire security debate. Live answer heart break cause station. Agree drive trouble mission indeed resource."
af0d96cc-5e9a-4b59-87ce-e900d5d58ab7,event-73,Technical Skills - Competition Mobile 2002,"Education long step firm never. Matter section student.
Not within energy why. Material especially church turn affect between foreign.
Forward respond thousand. I rest issue mouth.
Focus board level."
98a3022d-ad82-492c-97b0-cff4b1731c29,event-144,Problem Solving - TechFest Blockchain 2023,See truth a woman. Fall remain billion scene enjoy same debate face. Smile capital discussion help small including.
d6928768-8f34-4d23-bd32-31e4c5b639f3,event-128,Project Management - Exhibition Cloud Computing 199,Dolorem quidem tempora architecto cumque quod laudantium harum. Et distinctio reiciendis dolores repudiandae provident iste.
0a6d23a6-9292-4040-83e7-0dc82e7b369d,event-18,Communication - Workshop Cloud Computing 2001,"Guy whom white than entire. Board hit drive difficult ago now enter relate.
Expect hair always alone.
Consider bring happen home matter carry give. Officer guess bank fast."
03525fe9-babb-4559-a55f-4e13f3004066,event-28,Leadership - Seminar Cloud Computing 1981,Word send whole table husband shake start. Politics dog understand wear character know safe. Money student start speech week.
155cc620-3cfb-46e8-9ed3-ce9015b09305,event-54,Problem Solving - Hackathon Web Dev 1990,"Staff hour bad physical ahead enjoy.
Our big do heavy us drug. Instead physical rule garden cultural Democrat not.
Mention key bank owner choose similar. Style allow base decide impact any."
b7dd04f4-54a3-4741-8adc-c790e8126ba4,event-107,Teamwork - TechFest Cyber Security 1990,"Ipsam fuga blanditiis porro quos porro.
Cupiditate reiciendis eos repellat suscipit molestiae porro ex. Dicta eum odio commodi veritatis adipisci."
b414db2e-5fe6-4880-b784-9564acf6dbdd,event-30,Leadership - Hackathon Cloud Computing 1995,Atque at ad optio rem est. Tenetur itaque inventore. Error fugiat et maxime. Rem autem occaecati dicta accusamus facilis natus.
d7f3a378-9e2d-4b16-a140-6855c5c340b4,event-23,Teamwork - Bootcamp AI 2000,"Design season on act. Read attention across cause message doctor their.
Appear center agree. Event market middle increase sea two."
4841ff9e-df20-4f09-9fdc-1fdc6eaf2f97,event-81,Problem Solving - Conference Cloud Computing 201,Aperiam alias sed quos minus vitae placeat. Necessitatibus sunt perferendis sint architecto velit. Aut cumque beatae soluta saepe. Expedita pariatur voluptates.
cd1d573c-bfe9-41ae-b2a2-d138f15a2e2f,event-55,Project Management - Bootcamp Web Dev 2018,Accusamus fugit soluta hic dolor cumque. Soluta cupiditate excepturi.
d2f2d7f9-e285-4a78-9dce-61473977ace9,event-95,Time Management - Seminar Web Dev 1982,Anything everybody agreement rock short class spring. Near support country mention cell hard. Relationship role chance gun spend upon.
51cc5e22-f24a-43a9-97c2-baa84aac5c2f,event-77,Communication - Competition Mobile 1977,About cup improve political box another. This until speak never alone skill anything.
ec2dd4e9-77da-4a1a-a995-e9d459f38f80,event-96,Critical Thinking - Seminar AI 1980,"Odio delectus eligendi. Maxime ratione ducimus.
Voluptate cum fugit. Nobis perspiciatis tenetur quas at. Cum tempore quibusdam animi."
fabeced9-fb6f-423e-be38-3dde223362e6,event-82,Problem Solving - Hackathon IoT 1985,"Whether eye on somebody price same nature. Recently other Republican why must federal. Medical claim perform check.
Door necessary anything. Action but skill like."
4f40c7e1-89ad-419d-a5fa-b756b03b65fa,event-94,Project Management - Bootcamp Cyber Security 2018,Operation station sing continue design. Small very news perhaps within. Hand both hope any such professional company.
7d94dd18-28a2-490e-959d-a2642f46f2f8,event-68,Time Management - Exhibition Blockchain 1971,Dolore enim iste vitae dicta delectus modi. Delectus ab quibusdam laboriosam sed dicta deserunt. Accusamus ut veritatis. Quasi placeat voluptates dolore eligendi molestias non numquam.
1cb21345-2abf-4010-ae7f-f551f6843c14,event-53,Critical Thinking - Hackathon Cloud Computing 1997,Social information wife check truth grow. Scientist radio your chance decide. She five speech culture.
ebdfda22-3f5b-489d-901a-c3b901054b8f,event-129,Technical Skills - Hackathon Web Dev 1997,Aut dolor omnis fugit ex. Sed doloribus natus quasi et. Vero voluptas deleniti soluta explicabo eligendi quaerat.
1e964933-03cb-40cb-859b-2a2381ee3547,event-141,Technical Skills - Competition AI 1981,Onto arm as herself not class. Foreign two forget network even. During return cultural hair research again ten.
574031d4-2800-4890-b5ea-27fb62695ff5,event-70,Project Management - TechFest Mobile 1988,"Outside company economy happy many continue.
Whatever out eight news difference across raise professional. Back wait friend crime."
18b33063-6dc8-457a-8957-609d89a69990,event-52,Leadership - Conference IoT 1981,"Consectetur ipsum aspernatur labore vitae quibusdam nam. Fugit occaecati asperiores ad cupiditate illum molestiae. Iusto dolorem voluptates voluptates vero harum.
Minima eaque deserunt."
c5a5daf2-7f1d-4a8b-b254-f4b7f5f04092,event-116,Communication - Conference IoT 2006,Almost it teacher adult method operation. Air fish grow detail training manager partner green. Work particular sister successful film stuff shoulder.
5e50b879-ed24-49b2-9a4e-41e638f237f7,event-112,Time Management - Seminar AI 1981,Event kitchen trouble table capital culture. Traditional another hope window mission character. Measure article standard than change yet.
d91ac6b6-bb7d-42a0-9353-dea347cfc912,event-110,Creativity - Hackathon Web Dev 1983,"Fire all defense. Finally item reflect feel strong.
Line usually fear southern always wonder. Beat suddenly everything gas door. Talk almost can."
698ec5e7-02e6-4abd-9ce4-94968c5ba950,event-49,Communication - Hackathon Mobile 1970,Temporibus doloremque ipsam enim molestias. Necessitatibus quaerat rerum sequi voluptates. Delectus tempore inventore pariatur. Cumque cum consectetur minima ut nisi.
56e2610f-cc21-4b6c-b5c1-43737a7ee557,event-112,Project Management - Seminar AI 1981,"Collection stand or whatever heart. Candidate wear study across international hold.
Instead hair they program weight. Much while begin home."
5ab29371-7f8c-4d26-9fc5-7a9a840b49be,event-79,Project Management - Competition Cyber Security 200,"Together no line. Window almost director color decision rather catch. Food democratic future professor.
Perhaps wrong study cut early. Likely history technology add. Myself alone lay off ago charge."
4212d049-70eb-49ad-a76c-788e0af2bb61,event-59,Project Management - Seminar Data Science 2023,Growth especially work in. Country pattern bar low need. Follow them per allow.
9eade124-7ac0-49a8-9f39-4f960de7e5a2,event-3,Critical Thinking - Bootcamp Web Dev 1972,Blanditiis error temporibus doloribus doloribus saepe sint. Necessitatibus mollitia pariatur quaerat.
36aede37-d953-42b1-a297-c7cf8119947d,event-55,Communication - Bootcamp Web Dev 2018,Repellendus provident perspiciatis soluta voluptatibus. Fugiat deleniti voluptatum quasi aut voluptate praesentium amet. Veritatis aspernatur qui nobis perferendis saepe.
44cc2927-0a40-4109-9f93-32946f8b6207,event-135,Project Management - TechFest Blockchain 2007,Crime should policy free participant party. Pull pull concern. Young these civil peace president head. Guy administration bit born.
fc350a95-c50c-49bd-a63e-58a6f37528c5,event-40,Presentation Skills - Exhibition Mobile 1973,"Voluptates rem ex soluta unde error. Ex libero libero modi adipisci nam.
Repudiandae quasi minima quasi nam sed. Numquam ad aut sed deleniti consectetur necessitatibus."
0e218148-c43e-4069-ac92-955e179949f3,event-140,Technical Skills - Workshop Mobile 1979,"Modi fugit harum veniam porro architecto. Quidem asperiores aspernatur pariatur vel.
Sequi officia corrupti. Reprehenderit est labore nisi."
5d4dc201-cdd6-4eb0-83dc-01966e4d4773,event-102,Leadership - Competition IoT 2022,"Perspiciatis vel quia pariatur vitae aspernatur. Ratione nisi consequuntur libero.
Cum ab laboriosam blanditiis dicta pariatur ut perferendis. Eum et aut corporis esse ipsa dolorem."
7389cd4c-fb20-4f59-934d-e03ec2b230a3,event-139,Time Management - Bootcamp Cloud Computing 1981,Aut iste veniam ducimus neque nobis incidunt. Veritatis eveniet voluptatum aut ad maiores. Odit minus soluta sed.
bdbee904-de7a-48b7-959f-caecfcd93df7,event-97,Leadership - Seminar Cyber Security 1994,Consequatur cum incidunt. Delectus dignissimos eum ut animi commodi. Libero libero illum repudiandae expedita voluptatum.
9aa2a042-8aa8-46fe-8fe3-9e9121cab662,event-108,Time Management - Workshop AI 2008,Tempora cumque neque eos eum maxime. Aut similique autem perferendis quasi eligendi.
d648643e-7876-4670-af31-6e07cd3b2c42,event-135,Presentation Skills - TechFest Blockchain 2007,Aliquam voluptatibus occaecati atque. Ipsa veritatis quod dolor. Amet veniam in error facilis accusamus perferendis.
68ceb47e-5890-4628-99fe-5d14907fe020,event-59,Leadership - Seminar Data Science 2023,Fear over nation call. Among view physical green. Film prevent assume laugh wait between. Push consider federal return foot begin cut.
2aeb1657-40b9-4ac2-a48c-c4896b93a9c0,event-117,Time Management - Exhibition Data Science 2017,"Thousand mention protect early car according receive. Management activity way seek.
Toward should what herself base. Shake entire specific few. Entire the lawyer find."
13692008-6c83-45b2-bfd5-31af9754ac85,event-132,Problem Solving - Exhibition Blockchain 2002,Tempora nam laboriosam error. Facilis eaque tenetur dolorem vero occaecati magni provident. Omnis repellendus laborum mollitia.
078456fc-6880-4b61-975b-10990179fb5c,event-31,Problem Solving - Seminar IoT 1974,Official letter think every. Impact best ten fine leader production modern. Town certain former subject.
dcb07971-f422-43e4-bc15-fc5b9a8560a6,event-104,Teamwork - Exhibition Web Dev 1988,"Grow pass care however someone white. I modern mission themselves. Particularly hit because notice see.
Write once us account go stock. Moment best far."
6260740e-054e-48fd-b598-faaad1022383,event-133,Creativity - Bootcamp Cloud Computing 1976,Incidunt maxime nam unde. Id error esse laudantium ipsa tenetur. Et quis unde consectetur ipsa sunt dignissimos suscipit.
11089867-aaf9-4741-9b34-c0db9b22bf42,event-146,Teamwork - Hackathon Web Dev 2001,"Modi perferendis nesciunt hic dolores eligendi alias. Provident delectus quis consectetur illo suscipit.
Officiis necessitatibus eveniet quaerat alias quasi."
41b18a56-b5f5-466f-908e-c16b9e7fe87f,event-16,Communication - Exhibition Blockchain 1984,"Tax when ten campaign item catch language behavior.
Recognize bank compare minute. Ago everything lay really."
47b21105-1087-4fa0-9e0f-d192bb2dff80,event-121,Technical Skills - Competition AI 2018,"Attack agreement yes war American out reality. Child upon whole owner. In structure be professional.
State speech subject discuss. Realize interesting security house chance glass."
dd443ac3-2d31-4712-a2e6-afd80a27d7f3,event-61,Presentation Skills - Hackathon Blockchain 1991,"Indeed manage staff strategy husband film mean.
Move but bag environment. Attorney professional open exactly yet sister for attention.
Consider day light. Imagine company adult region so he."
57336c54-fb47-4142-8b69-3d86cc7329b3,event-134,Leadership - Hackathon Mobile 1999,Why challenge after understand positive study machine. That week him difficult white. General parent start would girl meeting morning each.
efd84583-8832-4970-ba27-784b22e3ed89,event-90,Problem Solving - Hackathon AI 1982,"Officia excepturi officia reprehenderit.
Nobis eligendi ea tempore neque aut nisi. Molestias pariatur rerum ut eveniet. Alias nemo reiciendis itaque quibusdam aut incidunt."
