reply_id,user_id,support_id,text,created_at,updated_at
c9f65ac4-c3e9-4bb4-a600-d37c8bd8e536,user-76,7a8b205f-580c-4fe2-a94e-8b40372894f9,"Nobis quasi corrupti accusamus quam deleniti ab. Consectetur laboriosam maxime nisi.
Repellat voluptatibus fugit accusamus impedit. Eos non cum dolor enim unde ex cum. Occaecati libero perspiciatis officia cupiditate molestiae numquam.
Atque beatae adipisci et eum omnis. Itaque maxime provident.",2025-06-21T18:48:06.035185,2025-03-02T11:47:55.702114
d1c25fda-3c2a-4c43-ba4c-f13868aadd05,user-22,58062854-3d85-4983-b7c3-26440e644fbe,"Exercitationem autem fugit quas tenetur ea molestias. Vel animi magnam deserunt rem soluta quisquam. Voluptatem similique perspiciatis natus.
Aut sit aliquid earum. Dolor ea beatae laborum.
Ipsa consectetur occaecati reiciendis omnis quis. Aut eius non ipsa.",2025-08-07T02:00:51.722961,2025-05-11T09:02:11.224945
7760d42a-8d35-495a-9325-13bcdeb2a7fa,user-51,eb8b29e2-b6b5-48bc-8bf3-d0d7820ee284,"Nostrum a incidunt minus culpa harum veniam rerum. Est repudiandae dolore a culpa sapiente sed.
Officia praesentium dolores officiis. Qui perferendis laudantium consectetur voluptatibus.",2025-09-07T11:13:11.318381,2024-09-24T13:08:42.011110
1a3cf163-6716-4ec0-a35b-3f5eb168edd6,user-4,4f891180-1591-42f4-94fb-6426a51c185f,"Rate space kid notice region administration. Fall conference or allow spring.
Prepare company military environmental trial eye provide. Event kid mouth speak gun article. Money song laugh customer professor young. According film ago senior power tax above.",2025-03-23T18:51:02.092310,2025-08-03T10:34:44.836894
c5811acc-2705-405a-9256-e73d81eea461,user-99,7a2dbf5e-a342-46ef-8ace-a28f619d04e6,"Iusto sed aut minus. Omnis porro itaque itaque. Mollitia ducimus saepe deserunt maxime.
Nemo ipsa illo sapiente. Ratione nulla maiores rerum dicta. Eius minus laborum exercitationem laboriosam pariatur.",2024-11-10T19:26:42.986771,2025-01-26T09:30:06.216196
a55beb20-ea74-4321-97cb-f54ba1f7ed01,user-78,843f16e7-0b39-4e56-8490-c5b472ef5009,"Quaerat hic quidem ipsum nihil vel in nulla.
Odio corporis totam culpa minus distinctio. Dolore eaque eaque asperiores excepturi ex.
Dicta unde molestias corporis illum laboriosam. Omnis incidunt natus veniam dolores enim ab.",2024-10-02T03:38:42.375994,2025-08-03T02:25:49.812493
a8f98007-54a3-48f9-af4a-2544d1455ff4,user-37,9d870150-41cf-4108-ac07-1d82335810b7,"At harum quo. Fuga aliquam id officia laboriosam quam in. Molestias earum repellendus vero commodi.
Rem excepturi dolorem totam quis alias. Accusantium totam perspiciatis quisquam itaque quo. Commodi sunt doloribus.",2025-07-19T22:17:06.766599,2025-04-28T20:47:41.191123
60521499-21f0-463c-a77f-69bdb4aea8f4,user-14,cf0e144b-29c3-44ca-a76e-a1ed9afd845b,"Veritatis officiis iusto sit. Fugiat magni ab libero excepturi.
Optio qui molestias occaecati tenetur non laborum. Odit laborum a blanditiis architecto maxime. Illum dolores est quam ducimus itaque.",2025-05-10T06:30:30.439440,2025-04-13T11:20:37.789764
8b757946-bb8f-45c4-868f-002e2915a9d3,user-87,3df8cbcf-fcae-4e62-87a8-7c9ce3910975,In doloribus consequuntur rem sunt dolor corporis. Beatae deleniti eveniet voluptate. Architecto accusamus unde.,2024-09-24T05:54:25.825402,2024-10-29T10:31:39.767729
d03cbb3f-1455-4e4f-bd4b-49f6acb2d5f6,user-56,4d445d3b-81a8-4598-b4e0-cbcd4cf86b5a,"Radio election fine drug. Wonder nature politics different.
High ok artist what. However certain deep left business.
Garden report pay family win ahead trouble edge. Night all about carry war push agency. With property truth plant base take coach.
Mind movement situation beat letter let arrive.",2025-04-01T15:35:00.714000,2024-10-15T20:09:31.737300
e5096d05-3416-4eaf-bc01-bca9fc9702a9,user-98,7a8b205f-580c-4fe2-a94e-8b40372894f9,"Non minima nemo animi natus voluptate autem. Quidem iure amet earum.
Numquam rerum veniam ipsum repellendus a. Animi adipisci iste vel fuga natus.",2025-09-04T14:04:53.463264,2025-03-31T07:06:59.074981
3700bace-1e74-4292-9b35-a9e6fcf344a0,user-55,0ac02a00-6145-4cde-a2cb-5f232a6d048a,"Movement bank final under position here team nice. Crime lawyer fire natural. Finally simply strong. Man fund determine radio.
Worker significant necessary realize know myself. Might but feeling increase because.",2025-08-16T03:16:34.322946,2025-02-09T19:35:04.721747
3c862072-b00f-4d1d-aa33-c083abfe3600,user-76,42420dfd-a459-4a15-8918-2101d44995df,"Illo neque consectetur suscipit sequi necessitatibus voluptatum. Praesentium nostrum magni odit nemo nesciunt minus quia.
Iure maxime commodi ex ratione ex id laboriosam. Minima perspiciatis atque perspiciatis. Magnam sint reiciendis aperiam reprehenderit.",2025-03-12T01:45:16.778064,2024-11-03T15:41:53.019794
ec9f96c7-05f4-494b-9514-e15acc4c7581,user-39,2db2b519-6bbe-4627-afb6-8955fdaf6b48,"Conference election account stock score. Wait those responsibility everyone among. Long fund culture these million group.
Amount rate power low husband realize. Ok change development if specific. Fight position my see wall quite piece home.",2025-03-07T08:15:26.606350,2024-12-10T08:28:47.812376
2b7b9c3d-513f-4f83-b7f6-69562016cbcd,user-69,9d870150-41cf-4108-ac07-1d82335810b7,"Develop husband cell. Month member strong street us.
Account of begin assume.
Turn experience well rate room town fly painting. Election court network list speech enough other. Skill discussion kind little.",2025-07-23T18:19:13.877682,2025-09-15T18:02:41.873104
273b6709-ab63-464b-aa4b-b7e9edac9a77,user-24,275d9219-9c5f-4cd7-b7e8-fa10c00b785a,"Under serve maybe make exactly number. Morning significant property tax group under commercial. Risk gun tend woman.
Factor easy ground officer. Who them camera the despite world.
Rise role player seven. Order analysis must support although. Investment read doctor side management list.",2024-12-09T08:18:52.383353,2025-06-10T08:55:32.866422
8cabc558-4056-4cc8-b28d-492427d9f5a1,user-3,9d870150-41cf-4108-ac07-1d82335810b7,"Company my point common which. Candidate company he organization nature service.
Operation do exist office upon month. Well make own drive consider. Building travel shake view economy.
Consider probably little that shake wind process none.",2025-03-08T11:19:39.980413,2025-02-27T16:15:47.424719
7de78596-fed4-4559-a5a6-66b60851dde2,user-47,3b6fef0e-9d15-4f20-a387-6b5605fa193f,"Cupiditate amet animi blanditiis perspiciatis quam. Eos ducimus non cum. Placeat ipsam beatae error minus cumque debitis repudiandae.
Aspernatur omnis doloribus sint eos. Ex itaque necessitatibus iusto debitis. Sunt voluptatum praesentium rerum.",2024-12-22T12:38:13.259527,2024-10-21T09:10:13.400846
256cca0e-3a16-490e-a77f-d300e94d3bb9,user-83,7a2dbf5e-a342-46ef-8ace-a28f619d04e6,"Analysis ago woman discover relate certain mean. Because example western entire century. Every better almost religious control expect.
List reality air upon business line. Subject deep TV nice garden. Since product far.",2025-03-04T19:44:09.812362,2024-09-28T19:32:31.488532
e6d9d9be-f2aa-434c-aa81-cfe4792d6a31,user-5,4b9d4bbc-d06e-4b34-b0fb-5a763dbe8936,"Molestiae voluptate sint cumque. Neque ex labore itaque.
Adipisci ullam iusto laudantium architecto ut voluptatum. Labore quia repellendus odit laboriosam error sint. Et ipsum nemo nisi illo rerum quae.
Repellat ipsum quod non. Ut non perferendis architecto rem inventore iusto.",2025-02-09T23:19:59.181217,2025-05-19T22:51:33.264593
5814a449-6213-4198-9fa7-50f29e9808ea,user-40,3ec33cc8-f104-4fac-a1f3-d0d2c35d1be0,"Exercitationem nobis nihil sint vel similique eius. Repudiandae in impedit cumque voluptatem.
Deleniti itaque commodi libero. Natus itaque temporibus aut deleniti. Rem quam nisi labore occaecati veritatis ullam.
Minima nesciunt laboriosam possimus atque odit sapiente.",2025-01-27T00:41:04.818856,2025-09-05T07:00:29.632386
80205cce-1366-47df-a973-c9c63f29ed65,user-74,46c24bbe-5bea-4dcb-ba57-61a6111a35dd,"Threat manage us who form develop then. Room dark worker rate offer picture time. All cup building president development however. Scientist everything accept suffer exactly former suffer.
Care paper detail culture including campaign laugh. Current matter investment whether task term lose.",2025-09-09T03:10:24.723961,2024-11-01T04:28:36.279619
9ed6e842-0bbb-4df9-8c7c-62b1d1e0dc4b,user-56,e0e41f13-5f05-46ee-be6b-8d44417d2740,"Strategy suddenly move heart. Six under area matter language similar what. Affect couple son old rate market. Ago though son opportunity build seven.
Relate technology somebody front prepare. Thousand quite central officer particularly mind somebody area. Toward tell local.",2024-12-03T19:16:10.158711,2025-08-15T09:40:46.149016
4a97b642-9243-4f0f-8527-18bf46260990,user-28,c813fedc-3e27-4057-a24a-6fce062d413c,"Quia facilis nihil a doloremque doloremque. Aperiam rem odio dicta deserunt.
Iusto harum dolore dolores perferendis dolore iste mollitia. Animi nostrum consectetur doloremque. Voluptatum quaerat repellendus rem molestias.",2025-07-23T03:50:38.382478,2024-12-11T20:20:40.582702
a249d34e-7026-4213-8082-ee1c59e8b625,user-54,1a806be6-b64f-47cf-94b2-52f626b78e21,"Dark avoid community force field still style. Military simple tend few lose president hour.
Add walk ready suddenly. Attorney cause heart garden according represent. Off truth daughter meet truth.",2025-05-10T11:04:25.448056,2025-03-14T18:14:54.016454
d27fccbb-9dea-4deb-bda7-c0d4a15373e5,user-91,bcc201bf-c9ce-42ad-b27f-c37cdc6b499d,"Minus cumque est animi saepe excepturi. Facilis quae laboriosam tempora.
Sunt necessitatibus perferendis pariatur. Explicabo omnis ipsum placeat animi illo vel vel.
Occaecati officiis ex aliquam earum veniam earum. Facilis accusamus unde aliquid laborum impedit nesciunt. Suscipit vero id beatae.",2025-03-29T08:15:22.933846,2025-07-19T17:52:02.970803
fe990cae-7876-41eb-80b3-04ee66eace19,user-66,464e7bb1-8024-4912-ad1b-8a11c0fc82ee,"Yourself candidate do instead.
Sell reveal sort realize of laugh.
Those continue degree future worker million choice. Nearly tend cell.
Conference final social stand. Wall itself some I most sometimes. Address next case common exist understand economic yeah.",2025-08-18T00:21:30.195374,2025-08-19T06:51:07.827662
6c7ec58a-1943-44a5-8c16-f69d03a826fe,user-84,bcc201bf-c9ce-42ad-b27f-c37cdc6b499d,"Aliquid dolore corporis. Totam facilis similique suscipit adipisci.
Maxime eum veniam minus. Iure repellendus aspernatur maiores.
Provident ut consequuntur excepturi reiciendis delectus dolorum. Ducimus sunt eos facilis architecto ea incidunt. Suscipit ad recusandae nemo.",2025-03-20T20:05:25.279874,2025-01-08T04:42:49.181005
437c1170-cc48-4f47-93da-34d0212da82d,user-32,275d9219-9c5f-4cd7-b7e8-fa10c00b785a,"Speak time class want. Lawyer chance wrong fill turn note might.
Tree effort course television find beat every.
Fill whatever under will computer. Man wait seat sound Mrs.
Travel night himself lot. Bag off pick material I. Teacher successful road while. Bank allow knowledge figure.",2025-04-21T14:40:01.590486,2024-10-14T18:44:50.010578
bf55c25c-8daa-4276-bdc4-7a6c7e4df792,user-61,bcc201bf-c9ce-42ad-b27f-c37cdc6b499d,"Candidate foot for future your group. For itself group market where learn speech gas.
Cost themselves operation on alone yet. Night heart herself left. Thank identify produce worry similar crime.",2024-11-07T20:33:46.834988,2024-11-03T01:09:35.543193
c0e839e3-e6cc-4bdc-8863-4a60cfdb4981,user-95,c5373e01-f91a-4fec-80b3-e72702682575,"Difference stop material imagine. Station another difference during. College road listen over gas paper executive.
Training natural boy population response pattern. Majority just season. Ground that young side pressure maybe family.",2024-11-26T03:44:23.993197,2025-08-19T09:43:17.186353
affb5dec-dcf2-41f2-9b84-27a62641a87d,user-86,cf0e144b-29c3-44ca-a76e-a1ed9afd845b,"Together sort itself store.
Within interview official bar drug. Three determine owner hear material remember share. Total develop city cut black name western.
House position gas. Need attack pull region. Debate whether season and represent degree animal.",2025-02-10T12:08:35.658530,2025-08-15T16:49:12.696407
0cea4757-c30d-4ff4-a41b-ce0a919b247a,user-92,5c76c5a8-bc28-4e90-9e26-bfbca0c64786,"Difficult drive response name prevent. Environment place thank best lead moment.
With town because almost pay degree among. Suggest summer enough bring black. Throw also age.
Discover difficult soon public well investment.
Animal year beat couple full. Decide message few.",2025-05-31T08:13:50.476272,2025-04-16T01:23:24.204703
e0c56d7f-d1bd-4371-8433-d2a2d814ae95,user-30,fd2016ee-c90f-420a-b151-0bb17a4c90c8,"Try kitchen free any bad center. Return one by early a Democrat.
Team democratic population trial. Seem only seven her choose raise book research. Imagine listen wait hope image act sister. Floor thus culture operation.
Cause common fall book. Behavior green girl. Unit throw for maybe.",2024-11-14T16:58:58.532421,2024-11-30T11:41:41.571084
72f512ab-6233-46f9-a667-da4b8039fcd2,user-32,ed8202cf-a7e5-4352-8f96-169dfca870d9,"Cumque maxime culpa itaque eum quia excepturi.
Rerum nam ab minus. Dolor odio officiis tempora fuga architecto nostrum. Earum iusto labore praesentium asperiores quasi commodi commodi.",2025-02-24T18:33:26.940550,2025-08-21T11:15:31.866819
7e7da784-e02f-4eb9-ba1c-0c9916ee70d4,user-61,cf0e144b-29c3-44ca-a76e-a1ed9afd845b,"Can example save face measure chance. Street general pull amount. Citizen however religious field evening president.
Gun how have pull time.
Beat able position girl probably civil. Since growth operation ball two impact commercial. Tonight them share without.",2025-03-05T22:31:29.416052,2025-03-17T01:33:40.589676
f8856592-183e-474f-86fe-b00ac5f4663b,user-24,3b6fef0e-9d15-4f20-a387-6b5605fa193f,"Et quidem aspernatur necessitatibus est tempore culpa. Quis doloremque nostrum incidunt. Delectus ad vitae in quisquam.
Nisi adipisci temporibus. Maiores vero omnis necessitatibus. Reiciendis est tempora eos. Facilis praesentium non nobis veritatis odio ut soluta.",2024-10-10T18:25:03.037694,2024-11-28T21:54:17.870470
125ad8eb-f990-4ef7-808e-0e0a2f2c2e4f,user-63,ed8202cf-a7e5-4352-8f96-169dfca870d9,"Include bar determine class. Color from reveal local me. Impact arm however available on cover security.
Develop wide your imagine indeed body last. None try upon significant system. While consumer every Republican bar.",2025-03-10T03:29:31.718263,2025-03-14T11:33:35.593187
a7c2109b-d771-4173-9097-1e1ae9299a7a,user-93,9d870150-41cf-4108-ac07-1d82335810b7,"Congress along perform give moment anyone operation. Surface his weight need kind attention seek.
Size factor sea almost western.
Part unit few huge policy down suffer. Control system will local allow wish government. Scientist us save treat.",2025-08-13T08:29:55.722056,2025-03-15T12:00:50.824300
d2060930-b25b-4d15-8aa6-7ffb20a82ca8,user-55,843f16e7-0b39-4e56-8490-c5b472ef5009,"Moment task bed body last.
Clearly rock economic north artist leave tax. Central student let involve before federal cell college.
Under accept leader nature several wait. According ball piece during out. Might whose husband. That raise effort task attorney situation range.",2025-08-13T10:53:26.904408,2024-11-14T06:06:36.879908
719bc9d5-e542-42e1-86d7-8362e5f747bd,user-21,4e532ab6-f961-4cd4-9d36-9f954249e7a2,"Cupiditate dicta quia odit. In repellendus magni voluptatibus ducimus.
Eum quis earum nam ducimus sit est. Et minus neque velit tempora atque molestiae. Quam aliquid molestiae enim. Autem laudantium voluptatem numquam.",2024-12-06T02:19:33.093910,2025-09-13T11:32:20.587635
4fbdff40-6d81-40fd-a019-18d30b241272,user-98,4303a197-8271-49b9-8bd2-bbfd33071363,"Facilis excepturi rerum. Ducimus quasi suscipit minima assumenda ut. Atque voluptatum rem necessitatibus doloremque eveniet tempora.
Mollitia necessitatibus exercitationem deleniti ab. Quo doloribus laboriosam nihil odit cum.",2025-08-11T09:13:53.828461,2024-11-02T07:39:15.308653
1a679d15-f45b-453a-bf79-48a22845baf0,user-6,eb8b29e2-b6b5-48bc-8bf3-d0d7820ee284,"Issue before north house oil. Condition lead success my pattern.
Throw shoulder hold it show campaign letter radio. Decade woman pressure four board ahead. Because woman scene.
Nice identify relationship within open budget left along. Head respond behind amount under now.",2025-04-23T05:08:23.099586,2025-01-16T00:47:51.402266
7c0fa28b-0ea1-4575-b7eb-3529a416733a,user-75,96dc15fc-f558-44bd-91a6-b185102b8edd,"Name free meeting simple much month already blue. Finish include much mean any court also seven.
Social sometimes activity game. As simple different serious shake happy. Yet accept put success prepare.",2025-01-22T17:09:23.261982,2025-08-20T21:30:57.580433
2e95700a-499e-4410-b350-2517fded184c,user-11,e0e41f13-5f05-46ee-be6b-8d44417d2740,"Expedita nesciunt reprehenderit. Nulla deserunt molestias nam. Debitis mollitia illum vero iusto.
Distinctio doloremque commodi. Tenetur quibusdam facilis quibusdam.
Voluptatum eum itaque animi. Enim deserunt ipsum dolorum alias quod.",2025-01-14T23:30:41.482607,2025-05-10T06:21:33.187407
8134e629-741b-4a1d-8906-7a31a37bca18,user-20,fd2016ee-c90f-420a-b151-0bb17a4c90c8,"Smile her even. Get present gun environment cold training know page. Three animal possible sort sign today there see.
Voice interview once affect interesting tend throw option. Mean improve each of. Large bring art.
Thing difference school success former. Expect drop fly his process.",2024-12-14T21:01:53.210069,2025-09-03T17:25:12.524504
ba8eb0ee-0711-4812-bc2a-933e92e6a90a,user-28,4e532ab6-f961-4cd4-9d36-9f954249e7a2,"Quos repellendus neque ab ullam nihil quae. Eum harum saepe ea. Illo ex iusto expedita consequuntur.
Fugiat qui iure minima ducimus. Ipsam laborum enim asperiores. Beatae ipsum praesentium corporis architecto quisquam.",2025-07-13T17:06:18.725189,2024-12-06T23:13:55.079805
ed881a8c-d784-4d1a-86f8-2cb3e46a987a,user-71,464e7bb1-8024-4912-ad1b-8a11c0fc82ee,"Delectus voluptatibus possimus eius sit. Sequi tempora facere inventore doloremque id.
Aliquid illo blanditiis porro esse voluptate nesciunt. Possimus aspernatur nobis a veritatis.
Ipsum voluptate sapiente molestiae saepe esse minima aut. A neque fugiat ratione nihil.",2024-09-23T19:23:24.782897,2025-06-30T18:36:12.150254
191498e8-9b51-4a52-99ea-c8857ecd080d,user-40,7a2dbf5e-a342-46ef-8ace-a28f619d04e6,"Non laborum hic quibusdam. Quidem temporibus suscipit omnis. Commodi quo quod consequatur ut animi quasi inventore.
Molestiae magni similique neque perspiciatis. Odio vitae cum minima. Eligendi delectus laborum dicta rerum perspiciatis perspiciatis esse.",2025-09-06T18:20:02.344432,2025-03-04T03:42:16.087029
3da49e8b-5721-436a-aad1-2d10874b452c,user-97,b93263d3-3a73-4bb0-ac43-805a759ccb8b,"Fire hope time lead. Sound when home kid employee point. Clear like sport page I.
Begin exactly knowledge. Look modern moment make shoulder. Where early loss station. Your form customer.
However hand poor provide. Trade people after themselves. Add else short face again move party myself.",2025-08-12T07:17:41.864923,2024-11-12T09:24:31.586258
cbee099b-e3a7-46b9-8aed-29fc5ffb977c,user-2,bcc201bf-c9ce-42ad-b27f-c37cdc6b499d,"Delectus voluptatibus reprehenderit praesentium accusamus beatae. Expedita architecto praesentium aut a. Rem saepe voluptatum natus eveniet harum.
Accusantium dolores perspiciatis ut assumenda. Rerum aut non non sunt fugit necessitatibus. Ut molestiae non nesciunt error reiciendis ad.",2025-05-22T10:38:15.324610,2025-01-12T21:40:28.210467
0ac0ba8f-2bd9-49dd-bf1e-c40e2e51b6bf,user-50,cf0e144b-29c3-44ca-a76e-a1ed9afd845b,"Decide after fact yourself evening magazine free. Which spend blue memory southern.
However who help father attorney. Situation project leg thing particularly agent marriage. Hold alone major safe.",2025-02-04T02:38:31.937396,2025-03-23T12:59:55.832207
d51872d4-fc76-46e0-8d04-6b5ff0d05823,user-35,843f16e7-0b39-4e56-8490-c5b472ef5009,"Attorney write stock crime section seat. Should course cut bit defense this. Might whether investment free article.
Poor yeah pretty several. Spend its your why gun year reality. Energy bag shake box girl.",2025-04-17T17:16:04.089009,2025-09-14T07:15:54.365982
c2b7f669-b16f-4ec8-b0eb-2cd406eeda35,user-60,843f16e7-0b39-4e56-8490-c5b472ef5009,"Exercitationem molestiae ut ipsam natus dolor. Sit dignissimos atque minima beatae quidem tempore.
Nam delectus maiores sapiente repellendus. Natus odit beatae. Necessitatibus esse debitis aliquam doloremque illum eos.",2024-09-24T08:12:39.398205,2024-12-16T21:52:55.853174
ea3ae306-c8f3-416d-a805-5f28d24e5d3d,user-5,2db2b519-6bbe-4627-afb6-8955fdaf6b48,"Totam consequatur corrupti pariatur. Repudiandae deserunt harum quos nulla qui.
Aut nihil itaque quos quisquam hic minima. Hic totam at et unde nisi. Ullam excepturi quo in similique aliquid quisquam.
Dolor molestiae modi nulla velit. Ea quo tenetur. Voluptates laboriosam quam facilis totam.",2025-08-25T00:45:53.534613,2025-01-17T09:50:26.733699
38904397-5cd7-4507-88f6-1f8f24c8b307,user-37,d480cff8-27b3-44e5-b88b-fc04b8f57af9,"Rule own responsibility project war glass serve. Nation have tough house for.
Song model accept scientist against public. Direction else forward parent. Clearly himself road or store author.
No body make loss these. Computer building drug these four challenge second.",2025-03-21T02:50:24.663467,2025-02-19T03:25:23.816524
cec322a1-d904-4c84-b360-cb299c63eb3b,user-16,f87bdfaf-3b2b-4135-a34d-7c388e9eb757,"Hear pretty store president. Contain particularly share when send structure current event. Analysis school necessary study let check. Knowledge buy appear institution season.
Power woman father determine. Green court top.",2025-01-13T06:49:06.198155,2025-06-27T05:34:18.195736
4e9df7bf-a7a9-4d9d-bc69-cfda80b65dca,user-88,3ec33cc8-f104-4fac-a1f3-d0d2c35d1be0,"Eveniet autem ducimus nulla expedita. Atque dolore ex unde sint. Provident minima illo aperiam.
Tenetur quos veniam nesciunt nam. Officia quos delectus neque vel doloremque molestiae veniam.
Eveniet perferendis officiis quas in itaque earum. Provident sequi minus blanditiis fugiat nulla quia rerum.",2024-12-04T23:47:31.470301,2025-03-17T15:02:05.901889
77936a2d-d873-4703-ae20-1ba7d471c8c0,user-14,b93263d3-3a73-4bb0-ac43-805a759ccb8b,"Delectus vitae non ducimus corporis molestiae.
Minus dolorem architecto. Doloribus dicta veritatis tenetur praesentium.
Sit itaque libero libero praesentium quia nesciunt. Facere at quidem qui numquam placeat. Fugiat ullam repellendus alias.",2025-02-01T18:11:10.261841,2025-05-28T23:39:22.333101
73d011d4-d39d-4c3a-bc96-de4a9b1f70d0,user-25,fd2016ee-c90f-420a-b151-0bb17a4c90c8,"Quis corrupti error soluta et ipsa.
Consequuntur distinctio eaque expedita tempore blanditiis iure consequuntur. Possimus veritatis odio quasi.
Earum iste tempora eum quam. Labore maxime porro. Corrupti omnis corrupti facere animi fugit a.",2024-12-16T13:27:20.342650,2024-12-23T19:15:04.471671
27edbb64-6a61-4c70-a32e-8eb4094c6e1a,user-27,4303a197-8271-49b9-8bd2-bbfd33071363,"Father voice hospital whose which write. End suddenly peace issue.
Century program many available Mrs. On off benefit out his brother.
Expect federal century focus perhaps always. Bad design number bed rich week dream. Lay base Mr make. News fight south.",2025-01-05T05:15:16.997716,2025-01-11T15:59:13.961972
928b1def-3e97-4a88-9709-9dc37ff6c821,user-35,5c76c5a8-bc28-4e90-9e26-bfbca0c64786,"Aspernatur inventore reprehenderit hic. Ad distinctio quia dolorum qui ipsum vero. Unde esse perspiciatis reiciendis nihil ea. Nisi voluptatem aperiam laboriosam.
Unde officia nisi iste modi porro. Ea architecto ullam voluptatem saepe itaque dolor.",2024-12-20T10:30:45.868234,2025-09-01T17:09:58.084035
03228480-c473-4a98-821b-f6764e3910cc,user-75,cf0e144b-29c3-44ca-a76e-a1ed9afd845b,"Cumque reprehenderit vitae repellat voluptate voluptas dolorum. Quibusdam repellat cumque voluptatum molestias rem. Unde beatae unde nisi itaque aliquam. Quae veniam sunt assumenda doloribus molestias deleniti porro.
Alias perferendis eos optio. Animi quis pariatur velit. Odit impedit modi rerum.",2025-05-16T11:13:56.035963,2025-07-21T07:42:54.310544
192d6169-3293-4b43-8f86-5cc39e193390,user-84,9c81a86f-d5da-4a93-8988-4b256a15b735,"Blue foot marriage end. Require experience surface coach. Knowledge charge food base defense meeting option.
Citizen glass century ground opportunity. Protect improve avoid. Data parent radio back person determine.
Quickly mind large great sign so front. Attorney low throw leave themselves.",2025-05-09T04:35:45.435771,2025-05-13T16:32:58.768981
4ad75dba-4f02-44c2-a26e-a9d2d4a511ac,user-43,275d9219-9c5f-4cd7-b7e8-fa10c00b785a,"Unit generation body argue. Hit increase area black accept serious lay husband. Because better debate course employee pull which.
Own product chance picture industry Mrs age history.
Talk voice blue push president. Field community type only course hand.",2025-08-10T14:47:46.768457,2025-06-20T12:41:47.018971
4f8d164e-0bfa-45f2-968b-6c0f2194b983,user-11,3b6fef0e-9d15-4f20-a387-6b5605fa193f,"Like mean scientist report ten such leave. Bad summer care base.
May half region final fish suffer feel must. Western step foreign get. Already baby common bed class mention.
Later quality bill reveal could trial box. Role quality room condition describe.",2025-07-17T14:23:49.513406,2025-06-14T06:24:31.949856
8592a971-1dc5-4e77-b6dd-bd8eec874fd1,user-13,d480cff8-27b3-44e5-b88b-fc04b8f57af9,Ullam ipsa tempore velit praesentium temporibus veritatis. Officia minima voluptatem officiis blanditiis quam officiis. Alias amet architecto incidunt.,2024-12-05T03:29:10.691825,2025-01-27T06:04:55.645389
fe18e58e-785f-4115-8ca0-00e94348954e,user-45,464e7bb1-8024-4912-ad1b-8a11c0fc82ee,"Memory that degree summer role plant news. Region international right hear travel effort unit. Easy establish mission computer sort. Find audience animal rule to manager daughter.
Special picture artist table technology next available. Team short hear very.",2025-01-31T10:24:41.511870,2025-01-18T22:11:34.769121
373b507f-092f-4709-a31e-49ae752135fa,user-77,9d870150-41cf-4108-ac07-1d82335810b7,"Modi at at repellendus. Neque deleniti officia in sit distinctio iure.
Hic cum commodi illo. Veniam similique nihil sapiente placeat quo eligendi.
Libero corrupti ad odit officiis illo. Harum eum possimus fuga. Assumenda perspiciatis dolorum beatae error deserunt.",2025-01-07T04:46:09.572462,2025-06-20T01:28:13.574889
e236c3ca-df55-452f-8ee0-c88b617f7e7c,user-17,0ac02a00-6145-4cde-a2cb-5f232a6d048a,"Eaque doloribus odit. Consequuntur atque sapiente velit molestias eveniet exercitationem hic. Esse rerum dolore sunt expedita ut velit alias.
Nemo fuga corrupti doloremque. Reiciendis repudiandae dignissimos magnam aut odit tenetur. Harum quas odit maiores perferendis possimus laborum.",2025-07-30T19:55:09.836667,2025-04-19T07:06:08.408688
304071ca-424a-4bea-ae41-5838753015ff,user-52,cf0e144b-29c3-44ca-a76e-a1ed9afd845b,"Totam ipsum nihil qui occaecati amet esse. Ex quis porro distinctio nisi modi. Quae tempora iusto doloribus distinctio aliquam aliquam.
Unde cupiditate rem eligendi error ullam ab. Totam dolores ex atque accusantium maxime.",2025-09-02T22:24:16.406640,2025-06-26T19:51:16.452867
cba8f622-ef12-4057-a318-f5861714e0d6,user-52,fd2016ee-c90f-420a-b151-0bb17a4c90c8,"Too care white prevent. Through manage standard financial option mean use visit. Memory network outside produce hear some than.
Staff be member future try generation. Between member others appear while task front contain. Training clear guy however reveal whether.",2024-10-17T01:27:44.438379,2025-07-19T08:48:09.429872
4160af2b-6087-455c-8870-f778cb7ad51c,user-22,d480cff8-27b3-44e5-b88b-fc04b8f57af9,"Major on north detail. Else TV book success. Sea there entire accept school source.
Century involve plan second recognize idea identify body.
Rise professor unit unit lay so. Idea simple material. Hand get employee begin buy.
Establish behavior beyond say.",2025-07-28T20:32:39.225724,2024-10-19T00:31:41.640969
b4ffa57b-c5ed-4326-8728-6d2124794c4c,user-18,b93263d3-3a73-4bb0-ac43-805a759ccb8b,"Labore nobis autem assumenda. Delectus ullam quam dignissimos. Facilis in perspiciatis. Dolore similique vero ratione.
Expedita vel blanditiis et quidem deserunt cupiditate repellendus. Eius illo dolor earum odit sint totam.
Cupiditate fuga et quam ab. Beatae fugiat animi ab mollitia.",2025-03-20T16:14:10.843378,2025-03-21T11:28:57.766385
53062974-6e82-4ad7-97a5-ec3dbf83bb35,user-40,464e7bb1-8024-4912-ad1b-8a11c0fc82ee,"Voluptatum nobis ipsum et a. Id pariatur quibusdam. Corrupti accusantium hic rerum. Cupiditate nam molestias in reprehenderit atque numquam.
Ea eum necessitatibus nesciunt quibusdam. Maiores voluptatibus ab amet. Temporibus dicta exercitationem deleniti explicabo distinctio quod.",2025-08-16T06:52:01.065391,2025-01-20T11:34:17.400364
c60020e4-2f55-4e6c-8845-69fac3fb145a,user-87,3793ae7f-5fba-4431-a633-a033298df4a9,"From field specific evening least ask. Probably middle community husband why keep.
Picture cup later there drive player of. School have especially collection response me.
Beautiful near attorney. For war project woman. Ahead hot sister city.",2025-09-16T03:33:02.198354,2025-01-14T21:47:40.550090
88871064-523f-44dd-9318-a7506a551055,user-49,c813fedc-3e27-4057-a24a-6fce062d413c,"Power usually purpose strong rest director. Window later by create organization threat dinner. Executive call government through baby pull.
Shoulder show city cause wonder voice less.
Century east like us up hard when game. Section us road front help toward discussion. And road coach prevent.",2024-10-22T06:05:20.576339,2025-01-15T20:57:41.887747
a07469fd-db0a-4cc5-80d4-f5fc672fe1c8,user-34,1a806be6-b64f-47cf-94b2-52f626b78e21,"Professor better on film sea. On weight federal wish. Show above own Congress someone sea.
Share on energy art skin study. Scientist already close do sister discuss.
Receive you show ability three he compare pick. Move news situation draw amount myself.",2025-09-21T18:22:50.476213,2025-05-17T23:52:10.031676
867677aa-b975-4dbf-9545-916b2516a76b,user-15,7a2dbf5e-a342-46ef-8ace-a28f619d04e6,"Iure aliquid earum mollitia maxime aliquam reprehenderit. Aspernatur eveniet tenetur nobis dolores aspernatur ducimus.
Cum est deleniti doloribus natus. Tempora esse dolorem quod fugiat voluptatibus. Perferendis ea consectetur repellat praesentium.
Ex necessitatibus sequi. A iure exercitationem ut.",2025-07-10T01:34:09.632410,2025-08-06T14:35:25.154150
31a2bfc7-1552-4398-9239-017a3c4cee93,user-96,275d9219-9c5f-4cd7-b7e8-fa10c00b785a,"Sunt sint corporis. Quod ducimus asperiores odit.
Voluptas fuga accusamus voluptates minus tenetur. Impedit voluptates aut soluta quasi minima sequi. Officiis neque amet consectetur eum non.
Quasi dolorem libero. Labore expedita veritatis deserunt eaque.",2024-09-28T22:19:37.821302,2025-01-02T08:18:25.580959
