id,name,email,email_verified,image,role,created_at,updated_at
user-1,Joanne Villegas,user1@anmategra.com,2025-05-10T23:42:35.329046,https://picsum.photos/200/200?random=1,admin,2025-06-06T05:49:55.611863,2025-07-30T23:56:02.783438
user-2,Heather Donovan,user2@anmategra.com,2025-09-02T18:38:44.260000,https://picsum.photos/200/200?random=2,admin,2024-05-30T12:08:34.446133,2025-08-18T09:27:29.176778
user-3,Donald Fox,user3@anmategra.com,2024-10-29T13:32:02.044764,https://picsum.photos/200/200?random=3,lembaga,2025-01-13T07:33:15.408997,2025-05-16T12:33:05.598114
user-4,"Hasna Aryani, S.Ked",user4@anmategra.com,2024-11-05T00:05:36.574472,https://picsum.photos/200/200?random=4,lembaga,2024-03-10T22:04:01.168373,2024-11-29T07:57:27.926774
user-5,Chelsea Griffin,user5@anmategra.com,2025-04-15T09:19:15.485829,https://picsum.photos/200/200?random=5,lembaga,2024-04-08T13:11:43.719489,2024-10-11T06:17:17.173621
user-6,Maimunah Anggriawan,user6@anmategra.com,2025-06-29T09:41:26.633840,https://picsum.photos/200/200?random=6,lembaga,2025-01-17T19:56:17.576983,2025-07-14T23:55:50.648868
user-7,Carlos Williams,user7@anmategra.com,2025-07-14T22:34:37.256860,https://picsum.photos/200/200?random=7,lembaga,2025-08-09T13:30:48.619467,2024-10-01T14:04:58.628358
user-8,Erin Cooper,user8@anmategra.com,2024-12-27T00:11:58.274711,https://picsum.photos/200/200?random=8,lembaga,2024-07-28T00:55:20.505578,2025-07-04T12:36:46.977889
user-9,Dr. Joseph Morgan,user9@anmategra.com,2025-07-12T17:04:51.533818,https://picsum.photos/200/200?random=9,lembaga,2024-06-01T10:14:51.235743,2025-05-31T20:36:11.892371
user-10,Gina Garcia,user10@anmategra.com,2025-03-08T09:51:02.743045,https://picsum.photos/200/200?random=10,lembaga,2025-03-10T00:32:13.387435,2025-02-24T13:15:07.705064
user-11,"dr. Michelle Simanjuntak, S.Farm",user11@anmategra.com,2025-09-03T11:35:41.450713,https://picsum.photos/200/200?random=11,lembaga,2025-04-19T07:23:00.056235,2025-06-15T06:53:06.064225
user-12,Alison Owen,user12@anmategra.com,2025-05-22T20:19:41.287769,https://picsum.photos/200/200?random=12,lembaga,2024-06-20T23:12:06.003192,2024-12-01T20:46:59.005441
user-13,Shania Widodo,user13@anmategra.com,2024-12-03T21:33:30.192830,https://picsum.photos/200/200?random=13,lembaga,2024-05-11T07:47:34.008904,2025-02-22T19:11:07.038771
user-14,"Sutan Wadi Hastuti, S.Ked",user14@anmategra.com,2024-12-14T02:41:51.346054,https://picsum.photos/200/200?random=14,lembaga,2025-04-23T19:13:55.497825,2025-06-17T12:09:14.317694
user-15,"Zalindra Hastuti, S.E.I",user15@anmategra.com,2025-03-10T20:59:46.084030,https://picsum.photos/200/200?random=15,lembaga,2024-12-14T00:07:03.926335,2024-10-02T09:02:49.995584
user-16,Tedi Maheswara,user16@anmategra.com,2025-01-19T12:29:29.217113,https://picsum.photos/200/200?random=16,lembaga,2024-11-17T23:48:52.047894,2025-07-02T01:49:27.166121
user-17,Brady Gonzalez,user17@anmategra.com,2024-11-03T06:12:43.026006,https://picsum.photos/200/200?random=17,lembaga,2024-11-01T15:28:25.280669,2025-07-11T16:32:10.987163
user-18,"Endra Megantara, S.Psi",user18@anmategra.com,2025-03-25T10:44:03.420764,https://picsum.photos/200/200?random=18,lembaga,2025-03-24T09:36:46.097136,2025-01-01T03:38:47.223876
user-19,Sonya Cline,user19@anmategra.com,2025-06-22T03:51:52.529806,https://picsum.photos/200/200?random=19,lembaga,2023-10-08T12:21:41.286317,2025-06-29T04:40:25.297410
user-20,Joan Johnson,user20@anmategra.com,2025-04-15T01:44:55.236990,https://picsum.photos/200/200?random=20,lembaga,2025-04-16T21:45:42.987181,2025-04-25T19:46:47.739526
user-21,Alexis Rodriguez,user21@anmategra.com,2025-05-06T04:11:26.575089,https://picsum.photos/200/200?random=21,lembaga,2023-12-31T09:18:41.742203,2025-04-23T10:46:52.705709
user-22,"drg. Gambira Marbun, S.Farm",user22@anmategra.com,2025-09-03T15:12:28.830790,https://picsum.photos/200/200?random=22,lembaga,2024-06-10T04:10:36.805140,2025-03-03T19:42:36.795869
user-23,Victoria Blair,user23@anmategra.com,2025-08-24T15:08:58.452085,https://picsum.photos/200/200?random=23,mahasiswa,2023-11-22T18:39:54.193422,2025-02-19T16:05:31.136483
user-24,Drs. Maras Mulyani,user24@anmategra.com,2025-05-01T00:12:11.687455,https://picsum.photos/200/200?random=24,mahasiswa,2024-09-10T10:57:28.957849,2025-02-24T21:04:54.360183
user-25,David Dalton,user25@anmategra.com,2025-04-08T22:21:20.296137,https://picsum.photos/200/200?random=25,mahasiswa,2025-09-15T21:26:14.609240,2025-05-16T22:56:04.229797
user-26,Cody Parker,user26@anmategra.com,2025-03-06T00:56:59.334490,https://picsum.photos/200/200?random=26,mahasiswa,2025-08-29T04:28:16.186222,2025-09-21T17:35:08.469459
user-27,Ir. Umi Andriani,user27@anmategra.com,2025-05-26T03:24:36.221318,https://picsum.photos/200/200?random=27,mahasiswa,2025-08-03T05:32:47.573209,2025-01-14T05:23:02.324721
user-28,Kacung Sudiati,user28@anmategra.com,2025-05-18T13:22:22.911055,https://picsum.photos/200/200?random=28,mahasiswa,2025-01-12T03:17:39.950635,2024-11-15T07:32:10.808061
user-29,Selena Higgins,user29@anmategra.com,2024-09-30T14:59:16.753045,https://picsum.photos/200/200?random=29,mahasiswa,2024-08-20T03:23:19.439600,2024-09-22T04:27:01.081034
user-30,Roy Adams,user30@anmategra.com,2025-03-02T13:14:04.496284,https://picsum.photos/200/200?random=30,mahasiswa,2023-10-01T01:02:45.583555,2025-09-04T18:43:00.468363
user-31,Usyi Suryono,user31@anmategra.com,2025-05-13T18:18:41.586502,https://picsum.photos/200/200?random=31,mahasiswa,2023-11-29T04:41:09.988235,2025-02-20T17:34:32.746359
user-32,Nicole Carr,user32@anmategra.com,2024-09-28T16:44:00.696686,https://picsum.photos/200/200?random=32,mahasiswa,2024-07-17T09:54:02.564290,2025-01-14T20:39:13.502428
user-33,Suzanne Clarke,user33@anmategra.com,2024-09-24T09:48:14.466484,https://picsum.photos/200/200?random=33,mahasiswa,2023-10-28T03:05:06.627008,2025-09-20T11:08:34.783427
user-34,Puti Yani Irawan,user34@anmategra.com,2025-03-31T02:11:07.529114,https://picsum.photos/200/200?random=34,mahasiswa,2023-09-30T06:47:20.255810,2025-07-27T05:36:06.253277
user-35,Thomas Haley,user35@anmategra.com,2024-12-15T18:46:37.069454,https://picsum.photos/200/200?random=35,mahasiswa,2023-09-23T15:15:36.293100,2024-12-03T00:04:57.691681
user-36,"Tgk. Marwata Simanjuntak, S.Pt",user36@anmategra.com,2024-09-29T03:22:34.448811,https://picsum.photos/200/200?random=36,mahasiswa,2024-06-09T08:11:07.320127,2025-03-10T05:09:01.928566
user-37,Marilyn Mullins,user37@anmategra.com,2024-11-05T15:20:11.716758,https://picsum.photos/200/200?random=37,mahasiswa,2025-05-06T05:39:54.129042,2025-03-10T01:04:57.974558
user-38,Rebekah King,user38@anmategra.com,2025-02-21T03:22:36.719646,https://picsum.photos/200/200?random=38,mahasiswa,2023-09-29T22:41:26.553897,2025-07-29T07:33:04.202606
user-39,Kayla Curtis,user39@anmategra.com,2025-07-06T09:10:08.102183,https://picsum.photos/200/200?random=39,mahasiswa,2025-08-07T22:02:20.338643,2024-12-24T23:15:31.186088
user-40,Joseph Morris,user40@anmategra.com,2024-11-18T17:03:19.236680,https://picsum.photos/200/200?random=40,mahasiswa,2024-03-15T09:38:14.749273,2025-06-24T03:13:07.092638
user-41,Jason Thomas,user41@anmategra.com,2025-07-06T10:03:46.277001,https://picsum.photos/200/200?random=41,mahasiswa,2025-07-19T11:40:59.965589,2025-07-29T01:53:51.055126
user-42,Ir. Akarsana Mandasari,user42@anmategra.com,2024-10-22T13:26:26.389464,https://picsum.photos/200/200?random=42,mahasiswa,2024-12-05T20:30:47.713287,2024-12-11T04:58:11.956410
user-43,drg. Taufan Mangunsong,user43@anmategra.com,2025-08-29T06:28:28.990625,https://picsum.photos/200/200?random=43,mahasiswa,2025-06-15T04:31:33.243495,2025-08-20T23:24:16.085894
user-44,"Cut Clara Mulyani, S.E.",user44@anmategra.com,2025-06-22T02:38:08.472488,https://picsum.photos/200/200?random=44,mahasiswa,2025-05-10T07:31:31.310605,2024-10-20T09:09:24.399129
user-45,Jeremiah Atkins,user45@anmategra.com,2025-07-27T22:50:44.018153,https://picsum.photos/200/200?random=45,mahasiswa,2024-01-15T07:10:11.204859,2025-05-25T21:50:04.436836
user-46,Jennifer Hughes,user46@anmategra.com,2024-09-22T00:30:10.316432,https://picsum.photos/200/200?random=46,mahasiswa,2024-12-19T11:33:04.566215,2024-09-24T10:19:34.383387
user-47,Rebecca Moore,user47@anmategra.com,2025-07-09T09:34:50.430168,https://picsum.photos/200/200?random=47,mahasiswa,2024-10-19T21:32:23.409487,2025-07-24T14:49:29.829813
user-48,Kajen Santoso,user48@anmategra.com,2025-04-08T07:56:06.430007,https://picsum.photos/200/200?random=48,mahasiswa,2023-12-01T01:29:19.232429,2025-05-21T10:02:26.523678
user-49,Zizi Purnawati,user49@anmategra.com,2025-03-23T05:35:07.649325,https://picsum.photos/200/200?random=49,mahasiswa,2025-09-10T14:03:59.592127,2025-09-13T06:37:03.838409
user-50,Sadina Mustofa,user50@anmategra.com,2024-11-12T08:22:29.675011,https://picsum.photos/200/200?random=50,mahasiswa,2025-07-09T04:44:33.972640,2025-08-30T18:25:26.679721
user-51,Rebecca David,user51@anmategra.com,2025-08-25T18:11:02.740657,https://picsum.photos/200/200?random=51,mahasiswa,2024-06-01T16:43:36.425848,2025-06-11T20:43:08.154185
user-52,Brianna Hunt,user52@anmategra.com,2024-11-30T08:22:35.686643,https://picsum.photos/200/200?random=52,mahasiswa,2024-07-31T15:21:42.606591,2024-09-29T19:54:07.307826
user-53,Lutfan Saefullah,user53@anmategra.com,2025-06-20T04:53:06.742603,https://picsum.photos/200/200?random=53,mahasiswa,2025-07-04T23:37:45.962059,2025-03-22T21:25:42.034534
user-54,Cawuk Ramadan,user54@anmategra.com,2025-03-30T07:07:10.030458,https://picsum.photos/200/200?random=54,mahasiswa,2024-05-15T19:30:20.776712,2025-04-03T15:06:48.567957
user-55,Bagas Rahayu,user55@anmategra.com,2025-03-02T07:51:42.228093,https://picsum.photos/200/200?random=55,mahasiswa,2025-03-15T14:06:49.311283,2024-10-08T23:48:19.851371
user-56,Paiman Hardiansyah,user56@anmategra.com,2024-11-02T11:02:30.952847,https://picsum.photos/200/200?random=56,mahasiswa,2024-05-29T07:35:05.743746,2025-05-22T04:52:34.726743
user-57,"Dt. Banawi Mulyani, S.Sos",user57@anmategra.com,2025-09-02T16:41:55.672243,https://picsum.photos/200/200?random=57,mahasiswa,2025-08-09T10:34:29.843084,2025-08-26T18:54:31.962993
user-58,Jessica Beard,user58@anmategra.com,2025-08-27T08:07:48.895001,https://picsum.photos/200/200?random=58,mahasiswa,2025-04-17T17:24:04.435356,2025-03-20T13:47:26.351256
user-59,Tommy Ramos,user59@anmategra.com,2025-07-18T09:51:00.204590,https://picsum.photos/200/200?random=59,mahasiswa,2024-02-29T23:33:57.377192,2024-10-21T21:57:47.655396
user-60,Angela Schmitt,user60@anmategra.com,2025-07-25T15:05:53.014744,https://picsum.photos/200/200?random=60,mahasiswa,2025-08-17T16:55:03.325569,2025-09-14T05:20:21.302105
user-61,David Navarro,user61@anmategra.com,2025-01-27T17:49:06.235866,https://picsum.photos/200/200?random=61,mahasiswa,2025-03-26T01:12:51.473445,2025-01-01T23:04:03.922591
user-62,Katherine Brown,user62@anmategra.com,2024-10-02T04:43:43.422176,https://picsum.photos/200/200?random=62,mahasiswa,2024-03-29T07:44:30.869442,2025-02-18T20:15:34.600479
user-63,Keith Fuller,user63@anmategra.com,2025-09-05T18:22:35.160565,https://picsum.photos/200/200?random=63,mahasiswa,2025-03-12T16:19:17.486122,2025-03-31T17:47:41.798383
user-64,Tiffany Torres,user64@anmategra.com,2025-07-16T20:33:15.406518,https://picsum.photos/200/200?random=64,mahasiswa,2025-08-26T17:19:51.743913,2025-05-07T20:22:54.320458
user-65,dr. Candra Pudjiastuti,user65@anmategra.com,2025-02-04T00:49:12.888260,https://picsum.photos/200/200?random=65,mahasiswa,2025-04-02T12:25:14.876622,2025-06-17T23:04:05.252271
user-66,"Daru Usamah, S.H.",user66@anmategra.com,2025-02-22T10:22:12.683332,https://picsum.photos/200/200?random=66,mahasiswa,2024-06-27T17:12:43.371444,2025-09-14T03:40:05.841399
user-67,Ridwan Winarno,user67@anmategra.com,2025-09-15T06:07:54.174167,https://picsum.photos/200/200?random=67,mahasiswa,2024-02-09T10:23:58.765306,2025-07-09T16:40:57.680302
user-68,John Snyder,user68@anmategra.com,2025-09-20T14:59:21.193250,https://picsum.photos/200/200?random=68,mahasiswa,2024-10-22T15:02:15.534080,2024-12-28T22:32:37.200848
user-69,Cheryl Garcia,user69@anmategra.com,2024-11-20T13:42:02.538105,https://picsum.photos/200/200?random=69,mahasiswa,2025-06-02T07:37:59.518148,2025-02-22T00:05:01.290748
user-70,Aurora Mansur,user70@anmategra.com,2025-08-01T14:51:48.151551,https://picsum.photos/200/200?random=70,mahasiswa,2024-04-15T04:38:53.133353,2025-01-07T17:14:27.417262
user-71,Jennifer Bryant,user71@anmategra.com,2025-03-18T11:23:20.293148,https://picsum.photos/200/200?random=71,mahasiswa,2024-11-07T11:46:20.387426,2024-10-22T12:07:12.276063
user-72,Brandon Wolf,user72@anmategra.com,2025-02-08T21:52:39.509592,https://picsum.photos/200/200?random=72,mahasiswa,2025-07-29T14:03:51.589766,2024-11-27T22:49:10.082347
user-73,"Dr. Puji Nashiruddin, S.E.I",user73@anmategra.com,2025-01-18T14:29:58.967750,https://picsum.photos/200/200?random=73,mahasiswa,2023-09-24T21:12:16.236956,2025-06-08T10:56:27.699882
user-74,Jose Lewis,user74@anmategra.com,2025-03-06T14:18:42.080051,https://picsum.photos/200/200?random=74,mahasiswa,2024-08-17T12:18:47.358933,2025-08-21T21:51:52.841514
user-75,Hasan Susanti,user75@anmategra.com,2025-03-23T00:38:05.023770,https://picsum.photos/200/200?random=75,mahasiswa,2024-03-29T18:37:00.909508,2025-01-23T05:17:16.336055
user-76,Ihsan Simbolon,user76@anmategra.com,2024-10-13T03:07:20.530847,https://picsum.photos/200/200?random=76,mahasiswa,2025-02-04T19:44:15.955682,2025-09-15T14:50:12.397645
user-77,Holly Fox,user77@anmategra.com,2024-12-27T20:51:35.945656,https://picsum.photos/200/200?random=77,mahasiswa,2025-04-04T15:23:28.928045,2025-01-31T05:47:39.153625
user-78,Kevin Wilson,user78@anmategra.com,2024-10-26T02:19:11.915393,https://picsum.photos/200/200?random=78,mahasiswa,2024-03-20T21:41:06.280877,2024-12-29T13:50:13.338922
user-79,Dr. Christina Johnson,user79@anmategra.com,2025-06-27T13:27:27.561942,https://picsum.photos/200/200?random=79,mahasiswa,2025-07-24T11:19:35.685469,2025-01-16T11:59:12.226398
user-80,Alexandra Owens,user80@anmategra.com,2025-04-03T18:02:28.351552,https://picsum.photos/200/200?random=80,mahasiswa,2024-08-10T05:22:13.888477,2025-06-07T03:20:47.698400
user-81,Raymond Garza,user81@anmategra.com,2025-07-19T07:16:23.663594,https://picsum.photos/200/200?random=81,mahasiswa,2023-11-15T10:09:37.952439,2024-10-18T21:04:21.941376
user-82,Nicholas Curtis,user82@anmategra.com,2024-12-28T21:04:10.987760,https://picsum.photos/200/200?random=82,mahasiswa,2025-02-24T01:39:04.636103,2025-01-04T21:12:07.778467
user-83,Jonathan Banks,user83@anmategra.com,2025-04-15T07:32:25.548190,https://picsum.photos/200/200?random=83,mahasiswa,2024-07-03T17:38:35.485589,2025-06-30T11:03:39.453898
user-84,Brian Young,user84@anmategra.com,2025-03-02T11:15:22.662702,https://picsum.photos/200/200?random=84,mahasiswa,2024-09-18T23:06:32.192698,2025-04-13T23:16:39.710668
user-85,Michael Ferrell,user85@anmategra.com,2024-12-19T07:57:28.366390,https://picsum.photos/200/200?random=85,mahasiswa,2024-03-05T05:11:18.311126,2025-06-25T10:42:45.522639
user-86,Melinda Hutapea,user86@anmategra.com,2025-06-12T01:58:33.001004,https://picsum.photos/200/200?random=86,mahasiswa,2024-07-22T01:45:24.016117,2025-01-10T18:18:17.248993
user-87,Salwa Mahendra,user87@anmategra.com,2025-01-09T22:44:18.149878,https://picsum.photos/200/200?random=87,mahasiswa,2024-01-10T20:02:14.916506,2025-04-16T06:06:44.966333
user-88,John Edwards,user88@anmategra.com,2025-09-10T23:10:12.419425,https://picsum.photos/200/200?random=88,mahasiswa,2024-03-15T17:06:50.409945,2025-09-10T10:43:19.213168
user-89,Michelle Vasquez,user89@anmategra.com,2024-12-12T01:20:27.397897,https://picsum.photos/200/200?random=89,mahasiswa,2023-10-08T11:29:05.394692,2025-06-08T13:35:37.193157
user-90,Drs. Kayun Hutasoit,user90@anmategra.com,2024-10-10T06:53:46.763134,https://picsum.photos/200/200?random=90,mahasiswa,2024-02-07T10:39:13.878755,2025-05-14T18:50:57.380071
user-91,Richard Jones,user91@anmategra.com,2025-07-02T17:32:48.081623,https://picsum.photos/200/200?random=91,mahasiswa,2025-06-17T04:59:53.593756,2025-09-19T00:33:55.321684
user-92,Kathleen Arroyo,user92@anmategra.com,2024-12-26T18:09:15.903314,https://picsum.photos/200/200?random=92,mahasiswa,2024-05-30T22:31:45.160405,2025-05-25T08:34:07.418714
user-93,Gada Palastri,user93@anmategra.com,2025-08-07T21:44:29.900337,https://picsum.photos/200/200?random=93,mahasiswa,2024-10-31T17:18:25.775379,2025-08-03T00:41:09.705529
user-94,Richard Cruz,user94@anmategra.com,2025-09-02T13:37:29.689192,https://picsum.photos/200/200?random=94,mahasiswa,2025-05-27T07:26:25.879978,2025-07-18T12:55:14.525115
user-95,Whitney Ellison,user95@anmategra.com,2024-12-17T05:32:37.060732,https://picsum.photos/200/200?random=95,mahasiswa,2024-09-05T22:02:53.780063,2025-02-14T05:36:21.250206
user-96,Kenari Yolanda,user96@anmategra.com,2025-09-20T08:26:38.208492,https://picsum.photos/200/200?random=96,mahasiswa,2024-05-01T11:36:37.265460,2025-05-26T07:17:28.164162
user-97,"R. Arsipatra Hartati, S.Psi",user97@anmategra.com,2025-08-22T02:53:09.966569,https://picsum.photos/200/200?random=97,mahasiswa,2023-10-25T18:06:21.527881,2025-02-11T07:24:12.090446
user-98,Vivi Iswahyudi,user98@anmategra.com,2025-05-12T19:24:29.914739,https://picsum.photos/200/200?random=98,mahasiswa,2025-02-06T11:33:14.601994,2024-11-15T08:12:19.610775
user-99,"R.A. Maimunah Rajasa, M.Ak",user99@anmategra.com,2025-01-03T11:55:26.351432,https://picsum.photos/200/200?random=99,mahasiswa,2023-11-14T16:36:27.242625,2025-08-14T08:53:42.475385
user-100,Anthony Gibson,user100@anmategra.com,2025-06-01T18:04:04.329854,https://picsum.photos/200/200?random=100,mahasiswa,2024-12-11T08:34:15.952555,2025-04-24T18:14:44.665137
