id,email
3ea344e5-439c-4ef1-812a-2cb03de3ac73,wilkinsleah@example.com
75f60288-a095-4035-a824-f92dc814ddbe,juli62@example.com
250e9ac4-b896-4932-bea3-f61af193db73,jrajata@example.net
13b94025-40d8-4da6-895f-358b28a467c2,nyanaiswahyudi@example.net
ad1d6715-6d16-4d6b-a8aa-c26a3c6bbe6a,eddieball@example.org
05ebffee-7ad1-41e4-bec6-affc90be2b86,andrew50@example.net
0fc984d9-d423-4da2-97f8-3ec0c5c26020,smithelizabeth@example.org
4c7b3712-1998-4b7b-a85b-3537bda88bbd,dalimin61@example.net
19913360-5af9-434d-b50f-6ac49f0b9a5e,hpradipta@example.net
750b2b7f-c8bd-415f-a0d4-744e6026042b,hallmorgan@example.org
1824473f-a384-4f5e-a0da-8d235ea9b800,lintang68@example.org
34dfbe4b-a572-4cb3-95f7-b3dbbe58d12c,luhunganggriawan@example.org
cb8b6f4a-0c0f-4d0f-9288-7ce3b2228f40,ghaliyati52@example.com
1dd10cee-0d08-434e-a20f-f78e4a20c990,williamsjennifer@example.org
e3ceecce-5d40-4d60-bda3-db15bfdfadae,kristinabarton@example.com
efe1b5d4-e49e-4e7e-a4f0-9fd967d6486d,laksmiwatiputi@example.org
385cefa0-61a3-4d03-a35d-7e11840ccf46,xsimbolon@example.net
9deabf55-055d-43a8-b170-b9a939cae79c,michaelbates@example.org
b73a8bde-52c8-45ed-a587-3ee69e3fac34,lailasarigambira@example.com
e66ed4ab-9226-4a7d-82dc-20cbb220d850,gamantomarpaung@example.com
1b5d00a7-c23e-4156-beba-d2fbbb6b5c01,nurdiyantizulaikha@example.org
e384b1a7-3316-497f-b07d-572af331d8f1,wahyunianastasia@example.org
81fe9b8a-5dd6-4277-8c8c-eb69d1b97ed0,cornelia61@example.com
e1b89da4-07d1-4e72-8dcc-6bbd2f8ce44d,johnjohns@example.org
1e18fe5b-de78-4b86-92e4-9097f59ed850,gregory22@example.net
56b03b60-132a-42c5-a1d8-a79fd311e14a,smulyani@example.com
23d9985d-28b8-49cd-aa11-18acae2051f3,jonessteven@example.org
6a63a76c-d5c6-4e98-a391-d9338db21f4c,febipradipta@example.com
b0b255d6-ac58-44be-9fb9-0eb3d56af94d,amandasteele@example.net
76079083-f3e3-4717-8a3e-742ee4bbb6e7,sabar05@example.net
8d8e9162-5343-452a-9e23-651aa47996de,mangunsongpaiman@example.net
69cc079b-a428-4a99-9ad8-51e3c3c99a79,tirta56@example.com
1d1b69ba-4e84-4a50-876a-c4a4c21aab94,larry77@example.org
5517eb78-79ba-4dc0-a8d4-559b8c2f8809,wjohnson@example.org
b3bb1960-0d31-4e3f-8b6f-0ce97d7cde52,dabukkedarman@example.net
79cd5135-6a1b-4109-8652-94ccb0f153fb,llestari@example.com
5d087936-236d-42a7-9889-f47cc5cef148,rachelswanson@example.com
a5a11bc2-f795-44be-886c-743202e15b01,okto06@example.org
616a5d6a-86e7-4bc5-a38f-561a4a51449f,megantaraluwar@example.org
942e796c-5395-43dd-b298-a8ed9d9aa5e6,jharris@example.org
9cd97471-de6c-425a-a8cf-6c5f3881f33e,purwanto50@example.org
a9860607-c3e9-4c59-b8ea-6490d91ec7f1,lmaryadi@example.org
40f1833a-5369-4da7-806d-246326609365,eric40@example.org
38ebe92a-a9e7-4bd6-91a6-b416fc8e553d,hasnamayasari@example.net
0773d4f3-96c1-4082-a13d-65b5360fbafb,stricklandedward@example.net
9ec80477-6fdc-462e-809c-bb9e8c191add,stephengonzales@example.com
de198909-f6bc-40c0-8345-152af148c795,rthamrin@example.net
7ca1dc10-1ac8-4561-aa4b-11bd48297fad,wage70@example.com
bda85db5-9bf4-4b46-ab45-c8c02e9fc5af,iowen@example.com
e7fba8df-b96f-4f84-b65d-63bd10cd6c77,laksitadasa@example.org
8038b02e-916f-4abf-a8b8-a92e52dcccc9,habibilasmanto@example.org
5e5d3bd9-4887-4000-98ce-96b3d246157a,emandasari@example.org
801a7ea1-61a0-4b82-9d99-b961e6b30f4a,rebeccarivera@example.org
271ad93c-cdae-47d6-80e9-f0ff8f74e6bb,yvetteparks@example.com
5f948aeb-f253-414d-bf99-ee9b9614d307,intanpermata@example.net
d1b2143b-956d-4d6d-8924-94ebc6857a0a,vanyahasanah@example.org
a0ba5a9a-e0cd-4909-b9dc-dc0593de300e,hidayatiriana@example.org
9a88de1e-bae7-4cde-b688-887502a7fd04,jessica33@example.com
ff369594-53c8-441d-b6b5-e4a6aea46dcb,uuwais@example.net
6f7efc5d-be3e-433c-8b0d-95f1811b8928,phart@example.com
1ae15339-7d8a-489a-9951-2c32c30df47f,mulyanigina@example.net
0c4a9d7a-2f10-4b62-aeb8-b5b770e414d5,ricardocohen@example.com
2621d694-5720-40bd-a75e-914f419d4572,murphysean@example.com
24d7cbd2-e597-494b-a3d2-b7fda7c777f5,ibranisusanti@example.com
fd5dbb62-99af-48a9-acdb-2eb773a06f92,crystalblack@example.net
6f1cabcf-c955-40ca-8321-35de74e8cb61,draketimothy@example.com
60c2599a-d16f-4287-aadc-1745207ea3ba,asman65@example.org
49be761d-91ca-4915-9507-aa508cebde4c,christopherleon@example.com
b906d27a-27fa-45ce-b606-27c426695349,maryadijanet@example.net
222874dd-57bf-44ff-adb8-d71401b94553,irsad29@example.net
f2c2cc1a-5f1b-4010-aeb5-524974a45b1f,anthony66@example.net
ad6f678a-293a-485d-9261-d61ca4811c20,rduncan@example.net
056ed7ba-f1b2-4a82-a938-e62fd8097343,barrettteresa@example.net
2616b536-1ff9-4404-9dd2-96445f078f01,rachelwilliams@example.org
032a4dfa-4a3e-4e22-89ba-8b06ffcb5aa1,tari56@example.net
4858c39b-e608-4513-a3b6-6f13276a76dc,ydavis@example.net
0a621d28-48d0-4d42-9732-584bac084411,npradana@example.org
7a101f13-0028-4514-b301-215da4ffda16,courtneykelly@example.net
160403e5-5d2b-4029-9a56-3beade3ef4a3,paulcollins@example.net
6437e102-3c3d-4b2a-a727-a257b7455531,pwilliams@example.net
b579544a-cb04-486f-8166-bdc46538e7da,reedphilip@example.org
3dcb206b-6da5-4a8e-8a48-1206cef456e7,laura27@example.com
fe8a7af9-8cf9-4e85-a833-97e01771604b,ouwais@example.com
b6870c2f-8cf3-4bfc-a5f8-94eed4761fee,christinapeterson@example.com
835fce74-7317-4fe3-87b3-3fe8ea6ffec7,gsimanjuntak@example.org
a47f6552-471c-44a0-b9db-450cd8919f05,maheswaraprayitna@example.org
9a54d033-7146-4245-8ea3-dd0e22cdef00,gonzalezjason@example.org
c70d6ea4-7169-4e38-8e87-9e13198f2cb3,briana89@example.com
df9ec233-fb08-46ce-8acb-873f40310238,leslie09@example.org
1b97e701-d0ac-4033-be21-4438c7db482c,pmay@example.com
7abe7731-1b95-4990-b51f-4ddc04fea604,yessisiregar@example.net
2889750e-15ab-4151-a1d2-1a460c8a1938,ekonuraini@example.org
49b87b2b-7ea8-435e-b6b7-2428233a40a8,melissahowe@example.org
ac83c0ae-1dd3-426e-9a7b-36f88fdc1946,jakagunawan@example.org
35bd7901-785b-4d95-a082-7d0966b007f3,megantarapraba@example.com
82d3610a-2b25-4be0-868a-364f22bbba32,thompsoneric@example.net
26f0141c-1239-43fb-86fd-f6ed09df2e0d,wjailani@example.net
017b935b-8d84-40cb-8ac8-bd64c9bf069b,artawanhidayanto@example.com
5ace76f0-7299-46be-94bd-c7ae84218c29,mahdi34@example.org
08799d30-0655-4e29-811e-44fc85d2f5aa,kjones@example.com
b9765a45-efcc-4e38-934d-7f448c722e7b,angelaanderson@example.org
f0102669-4d8d-496e-9f7d-210b90fa104c,nicolescott@example.net
221cf96e-bd51-4281-bc28-64138f5695cc,zalindra44@example.net
b3093b03-e5ab-4f31-a466-3658ee67f1e6,rama83@example.com
c93db3c5-e50e-43b3-a841-30e7855140ec,uyainahghaliyati@example.org
521be567-ab68-43df-baef-ad6b723b316f,charleshouston@example.org
83aac3ab-5066-49bf-84d6-0bd0dbdd2b3b,wmaryadi@example.net
04a7ff28-108f-4e6a-8844-1c9bb680cb39,husada@example.com
cdcb9fd3-f0d9-48e4-9597-7fcec47bc673,david83@example.net
24d38295-f3eb-4f2d-be10-a8fa124b2cac,aryaniemil@example.com
6b76889c-6f72-46c1-9d26-dc0c2c838de0,winarsihlutfan@example.net
756b9a7f-eec2-46ae-ab13-5a29a9d6da3b,jason64@example.org
57c70c2a-e23e-43d5-97d6-d081a1442afd,fhayes@example.org
56fd7468-4c54-4206-8e82-2b0553fb9925,crobinson@example.com
b61f7e81-701a-4143-a5f9-54dd0754bbcb,ismailhutagalung@example.net
e9029036-c97e-4e34-aee8-ab9f619fd208,emannatsir@example.net
c337da63-8e43-44a0-ba92-3a39769ce3c8,mustofaalambana@example.org
7d678e86-42f5-4abc-a418-2202891e1ff7,calderonkenneth@example.org
6336acdd-8dab-47f8-91f7-4bf54bdbea92,matthewdavis@example.org
f73b9330-bcc7-4cec-8614-d3210d3f7b6e,parkertheresa@example.org
